,NT = 1 and F = 1,NT = 1 and F = 2,NT = 1 and F = 3,NT = 1 and F = run_if,NT = 10 and F = 1,NT = 10 and F = 2,NT = 10 and F = 3,NT = 10 and F = run_if,NT = 25 and F = 1,NT = 25 and F = 2,NT = 25 and F = 3,NT = 25 and F = run_if,NT = 50 and F = 1,NT = 50 and F = 2,NT = 50 and F = 3,NT = 50 and F = run_if,NT = 75 and F = 1,NT = 75 and F = 2,NT = 75 and F = 3,NT = 75 and F = run_if,NT = 100 and F = 1,NT = 100 and F = 2,NT = 100 and F = 3,NT = 100 and F = run_if
Attribute_0,0.0,0.5393258426966292,0.38095238095238093,0.0,0.2729613733905579,0.10064935064935066,0.2860635696821516,0.2123456790123457,0.0848,0.2594664371772806,0.21082621082621084,0.24796380090497738,0.18176968218885756,0.1965403018034597,0.2624413145539906,0.12036336109008328,0.09443099273607748,0.18452601656161166,0.21593355890495233,0.1426951962590336,0.2562547966231773,0.2279480910287756,0.2342024900164435,0.17906749755987686
Attribute_1,0.0,0.0,0.40476190476190477,0.6,0.41545064377682406,0.21428571428571427,0.19315403422982885,0.362962962962963,0.1936,0.28528399311531843,0.35517568850902187,0.29321266968325793,0.2950994588827071,0.19046742730953256,0.29014084507042254,0.21650264950794854,0.22111562885467587,0.22617723396366332,0.29160258382036297,0.2400453450474706,0.14858019953952417,0.1701147263494452,0.3023255813953488,0.2634582175839027
Attribute_2,1.0,0.0,0.0,0.4,0.14163090128755365,0.3612012987012987,0.2616136919315403,0.2123456790123457,0.352,0.21729776247848537,0.2060778727445394,0.19909502262443438,0.2515052206386708,0.3305115936694884,0.19906103286384977,0.22710068130204392,0.3769016400931975,0.3084909158324064,0.23869578591202706,0.18704832081621087,0.21527244819646968,0.3141809290953545,0.21846370683579985,0.2601546662662362
Attribute_3,0.0,0.4606741573033708,0.21428571428571427,0.0,0.16995708154506436,0.32386363636363635,0.2591687041564792,0.2123456790123457,0.3696,0.23795180722891565,0.22792022792022792,0.25972850678733034,0.2716256382897645,0.28248067721751935,0.24835680751173708,0.4360333080999243,0.30755173831604915,0.28080583364231865,0.25376807136265767,0.430211137877285,0.37989255564082886,0.2877562535264247,0.2450082217524078,0.29731961858998424
