,NT = 1 and F = 1,NT = 1 and F = 2,NT = 1 and F = 3,NT = 10 and F = 1,NT = 10 and F = 2,NT = 10 and F = 3,NT = 25 and F = 1,NT = 25 and F = 2,NT = 25 and F = 3,NT = 50 and F = 1,NT = 50 and F = 2,NT = 50 and F = 3,NT = 75 and F = 1,NT = 75 and F = 2,NT = 75 and F = 3,NT = 100 and F = 1,NT = 100 and F = 2,NT = 100 and F = 3
Attribute_0,1.0,0.6923076923076923,0.5,0.09049773755656108,0.15172413793103448,0.4596774193548387,0.12480499219968799,0.22713864306784662,0.38801261829652994,0.26223776223776224,0.335832083958021,0.42724458204334365,0.2,0.24497607655502393,0.39384615384615385,0.20833333333333334,0.2822040208488459,0.4513064133016627
Attribute_1,0.0,0.0,0.4166666666666667,0.2986425339366516,0.2896551724137931,0.18548387096774194,0.1029641185647426,0.32448377581120946,0.27129337539432175,0.23076923076923078,0.23238380809595202,0.23219814241486067,0.18333333333333332,0.23157894736842105,0.2676923076923077,0.20272435897435898,0.2315711094564408,0.23594615993665874
Attribute_2,0.0,0.0,0.0,0.45248868778280543,0.32413793103448274,0.25,0.28081123244929795,0.23303834808259588,0.22397476340694006,0.26223776223776224,0.19490254872563717,0.21826625386996903,0.26666666666666666,0.2832535885167464,0.2123076923076923,0.16826923076923078,0.29635145197319435,0.20110847189231987
Attribute_3,0.0,0.3076923076923077,0.08333333333333333,0.1583710407239819,0.23448275862068965,0.10483870967741936,0.4914196567862715,0.2153392330383481,0.1167192429022082,0.24475524475524477,0.2368815592203898,0.12229102167182662,0.35,0.24019138755980862,0.12615384615384614,0.4206730769230769,0.189873417721519,0.11163895486935867
