,NT = 1 and F = 1,NT = 1 and F = 2,NT = 1 and F = 3,NT = 1 and F = run_if,NT = 10 and F = 1,NT = 10 and F = 2,NT = 10 and F = 3,NT = 10 and F = run_if,NT = 25 and F = 1,NT = 25 and F = 2,NT = 25 and F = 3,NT = 25 and F = run_if,NT = 50 and F = 1,NT = 50 and F = 2,NT = 50 and F = 3,NT = 50 and F = run_if,NT = 75 and F = 1,NT = 75 and F = 2,NT = 75 and F = 3,NT = 75 and F = run_if,NT = 100 and F = 1,NT = 100 and F = 2,NT = 100 and F = 3,NT = 100 and F = run_if
Attribute_0,0.0,0.4426229508196721,0.0,0.5375,0.24109173616376042,0.12916666666666668,0.3069053708439898,0.17966101694915254,0.210472128254155,0.13444816053511705,0.21700879765395895,0.23676612127045235,0.13493635077793495,0.1351256369706554,0.20772058823529413,0.13592417061611375,0.16878980891719744,0.18436213991769548,0.23955972806733572,0.23366902558519326,0.09907227914705068,0.16179482405511078,0.2324438202247191,0.22614593077642656
Attribute_1,1.0,0.5573770491803278,0.3793103448275862,0.0,0.18347232752084913,0.40729166666666666,0.24808184143222506,0.2734463276836158,0.17796734813943227,0.17391304347826086,0.2873900293255132,0.29547641963426374,0.18826025459688825,0.2259708311368828,0.28400735294117646,0.31203791469194314,0.21019108280254778,0.15837742504409172,0.27031401748138556,0.23639085465432771,0.2680697867626696,0.23608266617017315,0.28441011235955055,0.26637043966323665
Attribute_2,0.0,0.0,0.27586206896551724,0.4625,0.12509476876421532,0.234375,0.2020460358056266,0.24858757062146894,0.14560964847771732,0.39732441471571905,0.24731182795698925,0.2107795957651588,0.39674681753889673,0.33737480231945177,0.23345588235294118,0.2517535545023697,0.23885350318471338,0.34685479129923574,0.23405632890903205,0.24251497005988024,0.2627388535031847,0.31539750512008935,0.213249063670412,0.23596819457436857
Attribute_3,0.0,0.0,0.3448275862068966,0.0,0.45034116755117515,0.22916666666666666,0.24296675191815856,0.2983050847457627,0.4659508751286954,0.29431438127090304,0.2482893450635386,0.2569778633301251,0.28005657708628007,0.30152872957301,0.27481617647058826,0.30028436018957344,0.3821656050955414,0.31040564373897706,0.25606992554224667,0.2874251497005988,0.370119080587095,0.2867250046546267,0.26989700374531833,0.2715154349859682
