,NT = 1 and F = 1,NT = 1 and F = 2,NT = 1 and F = 3,NT = 10 and F = 1,NT = 10 and F = 2,NT = 10 and F = 3,NT = 25 and F = 1,NT = 25 and F = 2,NT = 25 and F = 3,NT = 50 and F = 1,NT = 50 and F = 2,NT = 50 and F = 3,NT = 75 and F = 1,NT = 75 and F = 2,NT = 75 and F = 3,NT = 100 and F = 1,NT = 100 and F = 2,NT = 100 and F = 3
Attribute_0,0.25,0.2916666666666667,0.3,0.29430379746835444,0.32,0.36363636363636365,0.2514910536779324,0.32068965517241377,0.3644067796610169,0.26614261650758003,0.3225806451612903,0.3724212812160695,0.25433099889421307,0.31733021077283374,0.3605150214592275,0.25440806045340053,0.30983385720700496,0.37002583979328163
Attribute_1,0.16666666666666666,0.20833333333333334,0.35,0.23417721518987342,0.25333333333333335,0.22727272727272727,0.2554671968190855,0.25689655172413794,0.24364406779661016,0.2369455362156092,0.2423963133640553,0.250814332247557,0.2502764467379285,0.2646370023419204,0.25608011444921314,0.23789532605653513,0.26717557251908397,0.26304909560723516
Attribute_2,0.16666666666666666,0.375,0.3,0.22468354430379747,0.28444444444444444,0.31313131313131315,0.23658051689860835,0.2603448275862069,0.298728813559322,0.24705221785513756,0.271889400921659,0.2779587404994571,0.2532252119424991,0.26990632318501173,0.27467811158798283,0.25692695214105793,0.2766052986079928,0.26666666666666666
Attribute_3,0.4166666666666667,0.125,0.05,0.2468354430379747,0.14222222222222222,0.09595959595959595,0.25646123260437376,0.16206896551724137,0.09322033898305085,0.24985962942167322,0.1631336405529954,0.0988056460369164,0.2421673424253594,0.1481264637002342,0.10872675250357654,0.2507696613490064,0.14638527166591828,0.10025839793281653
