,NT = 1 and F = 1,NT = 1 and F = 2,NT = 1 and F = 3,NT = 10 and F = 1,NT = 10 and F = 2,NT = 10 and F = 3,NT = 25 and F = 1,NT = 25 and F = 2,NT = 25 and F = 3,NT = 50 and F = 1,NT = 50 and F = 2,NT = 50 and F = 3,NT = 75 and F = 1,NT = 75 and F = 2,NT = 75 and F = 3,NT = 100 and F = 1,NT = 100 and F = 2,NT = 100 and F = 3
Attribute_0,1.0,0.0,0.0,0.2153846153846154,0.14606741573033707,0.16455696202531644,0.1761006289308176,0.15319148936170213,0.0972972972972973,0.329153605015674,0.1447084233261339,0.0918918918918919,0.20155038759689922,0.1261127596439169,0.0893169877408056,0.2474747474747475,0.13793103448275862,0.06784260515603799
Attribute_1,0.0,0.8333333333333334,0.75,0.05384615384615385,0.19101123595505617,0.11392405063291139,0.0440251572327044,0.25957446808510637,0.31891891891891894,0.06583072100313479,0.19222462203023757,0.31891891891891894,0.13178294573643412,0.1943620178041543,0.29597197898423816,0.1414141414141414,0.25139043381535037,0.40298507462686567
Attribute_2,0.0,0.0,0.25,0.2,0.3595505617977528,0.189873417721519,0.3270440251572327,0.3617021276595745,0.23243243243243245,0.16300940438871472,0.3563714902807775,0.2,0.1583610188261351,0.2922848664688427,0.2469352014010508,0.26262626262626265,0.2914349276974416,0.19810040705563092
Attribute_3,0.0,0.0,0.0,0.34615384615384615,0.07865168539325842,0.27848101265822783,0.18867924528301888,0.16170212765957448,0.14594594594594595,0.23510971786833856,0.16630669546436286,0.25675675675675674,0.2823920265780731,0.18100890207715134,0.20490367775831875,0.17676767676767677,0.1657397107897664,0.2157394843962008
Attribute_4,0.0,0.16666666666666666,0.0,0.18461538461538463,0.2247191011235955,0.25316455696202533,0.2641509433962264,0.06382978723404255,0.20540540540540542,0.20689655172413793,0.14038876889848811,0.13243243243243244,0.22591362126245848,0.2062314540059347,0.1628721541155867,0.1717171717171717,0.15350389321468297,0.11533242876526459
