,NT = 1 and F = 1,NT = 1 and F = 2,NT = 1 and F = 3,NT = 10 and F = 1,NT = 10 and F = 2,NT = 10 and F = 3,NT = 25 and F = 1,NT = 25 and F = 2,NT = 25 and F = 3,NT = 50 and F = 1,NT = 50 and F = 2,NT = 50 and F = 3,NT = 75 and F = 1,NT = 75 and F = 2,NT = 75 and F = 3,NT = 100 and F = 1,NT = 100 and F = 2,NT = 100 and F = 3
Attribute_0,0.09090909090909091,0.42857142857142855,0.2857142857142857,0.1826086956521739,0.14666666666666667,0.15384615384615385,0.22137404580152673,0.164021164021164,0.14285714285714285,0.1968810916179337,0.165374677002584,0.1377245508982036,0.20899149453219928,0.1556350626118068,0.12016293279022404,0.21869328493647913,0.13404825737265416,0.1402439024390244
Attribute_1,0.09090909090909091,0.14285714285714285,0.2857142857142857,0.20869565217391303,0.3466666666666667,0.36923076923076925,0.183206106870229,0.291005291005291,0.3392857142857143,0.20662768031189083,0.3152454780361757,0.36826347305389223,0.21020656136087484,0.2737030411449016,0.3380855397148676,0.19509981851179672,0.29088471849865954,0.3597560975609756
Attribute_2,0.36363636363636365,0.14285714285714285,0.14285714285714285,0.1826086956521739,0.13333333333333333,0.15384615384615385,0.17938931297709923,0.15343915343915343,0.17261904761904762,0.20662768031189083,0.16020671834625322,0.17664670658682635,0.17618469015795868,0.20572450805008943,0.20977596741344195,0.20780399274047187,0.22788203753351208,0.1951219512195122
Attribute_3,0.09090909090909091,0.14285714285714285,0.2857142857142857,0.24347826086956523,0.18666666666666668,0.13846153846153847,0.21374045801526717,0.164021164021164,0.17261904761904762,0.19883040935672514,0.16279069767441862,0.16467065868263472,0.21992709599027946,0.17531305903398928,0.15478615071283094,0.20054446460980035,0.16353887399463807,0.14634146341463414
Attribute_4,0.36363636363636365,0.14285714285714285,0.0,0.1826086956521739,0.18666666666666668,0.18461538461538463,0.20229007633587787,0.2275132275132275,0.17261904761904762,0.19103313840155944,0.19638242894056848,0.15269461077844312,0.18469015795868773,0.18962432915921287,0.17718940936863545,0.17785843920145192,0.1836461126005362,0.15853658536585366
